Period      ,Q:AU,Q:BE,Q:CA,Q:CH,Q:DE,Q:DK,Q:ES,Q:FI,Q:FR,Q:GB,Q:IE,Q:IT,Q:JP,Q:NL,Q:NO,Q:NZ,Q:SE,Q:US
31.03.1970,9.84,19.63,14.55,34.23,40.98,19.44,,17.03,14.66,7.05,7.61,,21.20,19.79,15.45,6.21,19.56,16.97
30.06.1970,10.02,19.91,14.55,34.03,42.87,19.44,,17.33,14.93,7.05,7.61,,21.83,20.75,15.45,6.35,20.05,17.09
30.09.1970,10.30,19.77,14.67,35.11,43.34,19.44,,17.45,15.28,7.41,8.01,,22.40,21.33,15.45,6.49,20.05,17.62
31.12.1970,10.62,18.99,15.09,35.09,43.81,19.44,,17.80,15.24,7.41,8.47,,23.10,21.70,15.45,6.67,20.49,18.39
31.03.1971,10.92,19.00,15.21,37.46,45.23,21.18,4.40,18.06,15.24,7.59,8.35,4.43,23.89,22.33,16.29,6.88,20.60,18.06
30.06.1971,11.17,19.46,15.39,37.38,47.44,21.36,4.55,17.83,15.68,7.78,8.29,4.42,25.12,23.14,16.29,7.09,21.09,18.57
30.09.1971,11.51,19.76,15.33,38.98,48.07,21.98,4.60,18.46,16.31,8.32,9.15,4.44,25.98,23.35,16.29,7.23,21.09,19.03
31.12.1971,11.95,19.48,16.11,39.68,48.23,23.12,4.64,18.67,16.46,8.68,9.85,4.53,26.96,23.95,16.29,7.40,21.58,20.06
31.03.1972,12.21,19.98,16.46,41.19,49.17,24.45,4.59,19.43,16.55,9.22,9.51,4.72,28.00,24.88,17.54,7.68,22.13,19.27
30.06.1972,12.42,20.96,16.46,43.71,50.43,25.60,4.75,19.71,17.07,10.13,9.33,4.88,30.02,25.93,18.84,8.00,22.67,19.84
30.09.1972,12.77,21.80,16.70,45.65,50.91,25.77,4.89,19.80,17.81,11.57,9.85,5.03,32.23,26.16,18.79,8.25,22.67,20.51
31.12.1972,13.46,21.77,17.48,47.92,51.22,26.92,5.02,20.78,18.03,12.48,10.37,5.26,34.92,27.50,18.34,8.60,23.22,21.53
31.03.1973,13.84,22.41,18.38,51.35,52.01,28.16,5.51,22.28,18.16,13.92,10.36,6.11,38.20,28.47,19.09,9.12,23.76,21.57
30.06.1973,14.66,23.61,19.34,50.96,54.37,28.95,5.47,24.72,18.80,14.65,10.58,6.45,40.81,30.22,19.94,9.79,24.31,22.13
30.09.1973,15.85,24.60,20.78,51.78,55.00,30.36,5.94,26.21,19.72,15.55,10.65,6.86,42.39,30.80,19.29,10.53,24.31,22.99
31.12.1973,16.95,24.87,22.75,50.94,55.00,31.16,6.31,27.43,20.15,15.73,10.83,6.96,42.95,32.50,18.52,11.51,24.85,24.10
31.03.1974,18.05,25.17,25.15,50.79,56.11,31.16,6.97,28.94,20.68,15.91,11.58,7.41,42.85,34.30,18.48,12.81,25.40,23.71
30.06.1974,18.66,27.50,26.28,50.99,58.47,30.10,7.78,30.48,21.59,15.91,12.33,7.99,42.44,36.34,19.88,14.07,25.94,24.22
30.09.1974,18.88,28.78,26.04,51.38,58.94,30.45,8.12,30.85,22.75,16.09,13.10,8.84,42.06,37.28,20.59,14.95,26.54,25.17
31.12.1974,19.33,28.40,26.10,50.96,58.63,32.66,8.13,31.34,23.19,16.27,14.34,9.44,41.72,39.13,21.23,15.37,28.17,25.99
31.03.1975,19.72,29.90,27.48,49.19,58.63,34.86,8.13,31.15,23.29,16.46,15.24,10.27,41.44,39.98,21.91,15.44,29.21,25.62
30.06.1975,20.54,31.21,28.38,48.61,59.17,36.10,8.42,31.43,24.14,16.82,16.08,10.66,41.44,41.70,22.85,15.44,30.84,26.41
30.09.1975,21.12,32.25,29.28,48.07,59.07,37.78,8.53,31.67,25.34,17.36,17.21,10.78,41.46,43.24,22.45,15.65,31.93,27.22
31.12.1975,21.74,33.46,30.48,47.90,58.93,37.86,8.69,32.88,25.96,17.54,18.02,10.72,41.46,45.43,21.89,16.00,33.08,28.45
31.03.1976,22.58,36.35,31.79,46.84,58.92,39.01,8.89,33.39,26.56,17.90,18.90,10.85,41.83,47.67,21.01,16.35,34.17,27.67
30.06.1976,23.11,37.48,32.15,47.09,59.91,39.45,9.81,33.14,27.95,18.44,19.11,11.88,42.69,52.84,23.63,16.67,36.02,28.36
30.09.1976,23.08,39.30,32.21,46.65,60.29,40.25,10.30,33.97,29.58,18.81,20.16,12.49,43.22,56.31,23.75,16.84,38.04,29.43
31.12.1976,23.83,40.55,33.41,48.04,60.96,41.92,10.67,34.37,30.32,19.17,22.22,12.67,43.51,60.48,23.49,17.12,38.09,30.68
31.03.1977,24.45,41.87,33.71,48.11,61.73,42.10,11.78,34.28,30.89,19.17,21.99,12.99,43.91,67.38,26.58,17.51,39.62,31.81
30.06.1977,25.03,43.56,33.83,48.54,63.04,44.75,13.03,34.98,32.27,19.53,22.76,13.63,44.63,76.98,27.82,17.90,41.96,33.82
30.09.1977,25.11,45.63,33.71,49.58,63.82,46.43,14.08,34.69,33.99,20.07,25.20,13.96,45.11,77.61,28.07,18.00,43.11,35.22
31.12.1977,25.57,47.87,34.67,49.46,64.35,48.81,15.35,34.69,34.69,20.80,25.99,14.23,45.57,79.06,27.80,17.97,44.20,36.28
31.03.1978,26.25,47.84,34.55,48.87,65.23,50.49,16.68,35.62,35.03,21.16,28.71,14.66,45.95,80.98,29.79,18.00,44.58,38.36
30.06.1978,26.17,48.94,35.56,50.08,66.78,52.52,17.96,36.30,36.16,22.24,30.40,15.24,47.23,85.78,30.50,18.11,47.47,39.21
30.09.1978,26.30,51.29,35.50,50.90,68.36,53.84,18.57,35.75,37.67,23.69,32.54,16.13,48.32,79.61,30.98,18.28,49.75,40.83
31.12.1978,26.59,51.76,37.18,52.47,69.73,54.37,18.77,36.15,38.33,25.50,32.46,16.96,49.53,79.71,31.80,18.49,49.65,42.00
31.03.1979,28.02,52.65,38.44,53.11,71.84,55.69,18.84,36.59,38.86,26.76,34.85,17.73,50.89,78.43,32.81,18.84,50.19,43.98
30.06.1979,29.78,53.55,39.28,53.11,74.74,58.25,18.82,37.07,40.47,28.93,37.98,18.84,52.49,78.95,33.21,19.09,52.92,46.29
30.09.1979,30.44,55.45,39.10,55.21,76.41,59.14,19.15,37.75,42.84,31.10,39.21,20.41,53.99,76.89,32.89,19.30,54.88,47.63
31.12.1979,30.97,55.01,40.83,56.89,77.12,59.05,18.96,39.26,44.36,33.09,39.01,22.05,55.60,74.81,33.07,19.54,54.44,49.21
31.03.1980,31.66,55.78,41.43,59.12,78.17,57.99,19.75,41.35,46.15,34.54,41.70,23.60,57.37,73.94,32.47,19.97,53.84,50.36
30.06.1980,33.28,54.89,43.11,58.07,80.11,56.22,20.05,42.59,48.88,35.80,42.75,25.11,59.43,73.28,34.93,20.61,54.71,51.15
30.09.1980,34.34,54.90,44.88,59.29,81.07,57.19,20.01,44.25,51.89,37.25,46.58,26.27,61.13,68.29,37.36,21.29,55.53,53.12
31.12.1980,35.50,52.79,47.72,60.56,82.20,57.28,19.74,44.65,52.65,37.43,48.82,27.73,62.43,68.05,39.47,21.96,54.01,54.40
31.03.1981,37.76,51.86,49.54,62.96,83.76,56.93,20.37,47.51,53.16,37.43,49.46,29.77,63.93,68.33,42.10,22.86,54.33,55.53
30.06.1981,39.00,51.69,49.92,64.66,85.92,54.63,20.97,48.50,54.75,38.52,49.84,31.27,65.49,65.55,46.11,24.83,54.71,56.21
30.09.1981,38.27,51.87,51.19,65.16,86.56,52.69,20.74,50.54,56.74,39.06,53.39,32.32,66.73,62.47,48.80,26.72,54.11,56.59
31.12.1981,40.08,51.10,51.92,66.24,86.73,53.66,20.20,51.70,56.83,38.34,54.84,33.87,67.79,58.73,50.65,28.89,52.92,57.60
31.03.1982,39.65,48.79,49.81,67.83,86.71,53.22,20.71,55.99,56.60,37.43,55.30,35.25,68.85,57.08,54.10,31.35,53.51,57.60
30.06.1982,40.87,48.88,47.72,67.30,86.95,53.66,21.08,57.67,57.87,39.06,55.43,36.00,70.04,56.74,57.75,33.99,54.88,57.73
30.09.1982,40.15,51.10,46.82,67.79,86.94,52.43,21.32,59.29,59.75,39.96,57.15,37.05,70.98,57.29,58.46,34.76,55.37,57.78
31.12.1982,39.98,50.19,47.83,68.78,86.67,53.66,21.91,62.07,59.69,40.51,57.97,37.69,71.49,55.83,59.13,35.53,54.71,58.08
31.03.1983,41.03,48.57,51.10,68.98,86.75,58.25,24.32,67.62,59.42,41.77,57.22,38.13,72.01,56.54,59.49,36.03,54.33,58.35
30.06.1983,42.47,48.72,51.07,70.09,87.13,65.58,25.44,69.25,60.80,43.22,55.55,38.21,72.93,58.67,59.48,36.69,54.99,59.18
30.09.1983,42.20,49.47,50.42,71.91,87.09,66.46,25.79,72.22,62.85,45.03,58.43,39.34,73.58,58.77,60.64,37.60,55.10,60.07
31.12.1983,44.14,48.97,50.60,72.94,86.29,68.40,25.93,75.12,62.79,45.39,56.78,39.67,74.09,57.01,62.07,38.83,55.53,60.92
31.03.1984,45.59,48.92,50.55,73.99,85.24,72.29,26.86,78.37,62.30,45.75,57.73,40.34,74.48,57.37,63.76,40.20,55.48,61.63
30.06.1984,46.66,49.69,50.84,75.65,84.85,73.79,27.30,78.73,63.33,47.20,57.00,40.40,75.09,57.39,65.75,41.54,57.22,62.46
30.09.1984,48.60,50.87,49.90,75.64,84.41,74.58,27.39,80.42,64.97,49.01,59.45,40.26,75.61,57.71,66.35,42.70,57.82,63.34
31.12.1984,48.54,50.22,50.52,76.23,84.18,77.93,27.60,80.85,64.84,49.73,58.95,40.06,75.95,56.90,65.87,43.90,57.87,63.83
31.03.1985,51.01,49.62,51.58,78.65,84.43,81.02,29.25,83.18,64.26,49.73,58.57,40.86,76.33,56.94,65.66,45.44,58.42,64.75
30.06.1985,51.52,49.64,52.78,78.26,84.50,84.73,29.97,83.11,65.37,51.54,58.14,41.00,76.84,58.07,67.02,47.18,59.89,65.70
30.09.1985,52.70,51.86,53.04,79.56,84.90,90.73,30.28,82.55,67.14,52.62,60.48,41.20,77.17,57.29,69.70,49.02,60.00,66.56
31.12.1985,53.47,51.54,55.29,80.45,84.86,92.94,30.62,83.25,67.09,54.43,61.85,41.67,77.51,57.47,73.83,50.56,59.56,67.99
31.03.1986,54.65,50.90,58.51,83.28,84.81,98.24,31.66,86.01,66.92,55.52,60.53,41.89,77.82,58.93,79.83,51.58,60.49,69.45
30.06.1986,56.13,52.00,61.46,82.39,84.98,98.59,33.15,85.38,68.28,58.05,60.61,42.41,78.77,59.96,87.19,52.30,61.58,70.75
30.09.1986,54.61,54.98,62.51,84.18,84.64,96.03,35.33,86.15,70.29,60.58,63.58,42.79,80.10,61.03,93.78,53.47,63.22,72.41
31.12.1986,55.26,54.24,66.82,84.79,84.26,97.44,38.43,88.21,70.64,62.39,62.71,43.73,81.86,60.76,97.83,54.56,64.85,73.70
31.03.1987,55.91,54.92,72.45,87.23,83.73,91.00,43.60,90.89,70.74,64.20,61.55,44.45,84.08,62.07,108.13,57.68,67.57,76.58
30.06.1987,56.56,55.45,71.58,89.08,83.70,90.82,46.42,93.93,72.76,67.09,59.49,45.29,86.23,63.47,110.30,60.55,69.21,78.47
30.09.1987,57.42,57.73,71.58,90.80,83.57,90.20,48.88,97.12,75.75,70.34,63.47,45.91,87.99,63.21,111.10,63.49,71.39,80.30
31.12.1987,60.23,57.58,75.50,92.95,83.41,89.32,51.97,103.48,76.52,74.68,66.81,48.39,88.74,63.30,112.08,66.40,74.11,81.71
31.03.1988,62.82,57.77,82.49,96.31,83.40,90.56,55.52,116.29,77.33,77.76,65.43,49.27,89.07,63.74,113.56,68.32,77.93,82.95
30.06.1988,66.27,60.15,84.25,99.02,84.25,90.29,58.63,122.86,80.27,82.46,63.93,50.85,90.07,66.21,112.57,70.29,81.20,84.97
30.09.1988,72.75,62.67,85.09,103.05,85.10,91.97,60.83,133.47,84.35,93.31,68.29,52.77,91.35,66.84,109.05,70.75,86.10,87.38
31.12.1988,80.09,63.27,92.01,107.26,85.94,92.67,63.64,146.70,85.78,99.10,70.59,55.27,93.22,66.84,104.75,71.18,88.28,89.41
31.03.1989,86.56,65.51,101.25,110.51,87.38,91.79,68.68,158.30,87.14,101.27,72.90,57.65,95.48,68.01,98.91,72.99,93.73,91.69
30.06.1989,88.07,67.86,92.52,111.58,88.28,91.97,72.22,161.41,90.34,104.88,70.10,59.87,98.80,70.40,96.88,73.66,98.09,92.98
30.09.1989,88.07,70.85,94.70,113.17,88.38,90.20,75.62,160.00,94.33,108.50,75.96,62.14,102.14,71.39,93.21,75.06,101.91,93.69
31.12.1989,88.51,73.44,100.12,115.75,87.51,88.88,77.68,156.04,95.43,106.33,81.00,64.56,105.57,71.38,90.79,76.38,102.45,95.07
31.03.1990,88.94,74.87,98.33,116.20,86.88,84.82,82.79,152.50,95.86,104.16,83.83,68.09,109.70,71.23,92.04,78.02,108.45,95.86
30.06.1990,89.58,75.39,91.75,116.45,87.00,85.17,84.19,152.86,98.68,103.25,81.06,70.87,112.73,73.55,93.35,78.83,110.63,95.85
30.09.1990,88.94,78.00,92.24,115.42,86.98,83.05,85.85,150.38,102.32,105.06,86.59,72.99,114.43,71.39,91.11,78.98,112.81,95.47
31.12.1990,89.37,78.84,92.98,113.12,87.26,82.52,87.33,145.29,102.70,103.44,84.86,76.10,115.03,70.63,88.25,78.52,111.17,94.92
31.03.1991,89.37,78.22,97.47,112.64,88.64,84.20,92.27,135.60,102.71,101.99,85.93,80.09,114.30,71.51,86.49,77.14,118.80,93.84
30.06.1991,90.45,77.78,100.93,113.42,90.78,85.26,95.95,133.62,104.85,101.63,81.40,83.04,113.46,73.51,86.49,76.33,118.26,94.76
30.09.1991,93.04,81.57,95.25,116.04,91.48,84.91,98.19,127.53,107.17,103.62,86.49,84.28,112.48,73.76,85.33,76.98,118.80,94.64
31.12.1991,93.04,82.58,96.40,113.12,91.81,85.53,102.47,120.74,105.59,102.71,89.58,86.31,110.91,75.38,83.71,76.57,117.71,94.24
31.03.1992,92.61,82.62,98.00,111.78,92.55,84.95,97.84,117.35,102.65,101.09,89.37,91.86,109.12,78.49,81.57,76.19,112.26,94.48
30.06.1992,92.82,85.43,98.76,110.25,93.57,84.95,95.62,111.19,102.37,98.55,86.15,95.62,108.03,76.96,82.28,77.31,110.08,94.43
30.09.1992,92.82,86.70,99.00,107.39,94.25,83.33,95.33,103.34,103.46,98.92,89.83,97.48,106.81,81.69,82.52,77.80,106.81,94.36
31.12.1992,93.69,86.75,101.14,106.05,94.34,81.18,94.87,97.68,101.83,95.12,89.97,98.55,105.60,81.68,80.14,77.89,99.73,94.73
31.03.1993,94.55,86.05,102.01,104.53,95.49,80.11,94.07,96.27,100.19,95.66,87.18,99.64,104.57,83.12,77.29,78.71,95.37,94.90
30.06.1993,95.20,89.32,102.01,104.83,96.75,79.57,95.49,96.91,100.69,96.38,87.65,100.46,103.92,85.21,81.33,79.45,95.37,95.57
30.09.1993,95.41,90.66,99.76,102.69,97.33,83.33,96.22,97.61,102.40,98.37,92.01,101.43,103.28,87.54,84.42,80.97,94.82,96.37
31.12.1993,96.28,93.62,100.99,102.88,97.57,88.17,96.36,100.87,101.14,96.56,90.47,100.33,102.74,89.21,86.80,82.80,95.91,97.54
31.03.1994,97.36,92.48,105.53,104.47,98.36,93.28,95.47,103.34,99.62,97.65,93.64,99.61,102.33,92.56,89.66,87.47,97.55,97.52
30.06.1994,98.43,94.79,104.65,104.07,99.32,93.28,95.78,105.04,100.60,98.92,90.31,98.75,101.99,93.78,92.27,90.40,100.27,97.85
30.09.1994,99.95,97.84,103.00,103.55,99.66,91.94,96.92,103.98,102.39,100.72,91.98,99.59,101.57,97.34,95.84,93.12,101.36,98.22
31.12.1994,99.51,97.58,104.23,101.97,99.65,93.28,96.66,102.71,101.08,100.00,97.27,98.94,101.18,96.08,95.60,94.87,99.73,98.79
31.03.1995,100.59,97.09,101.42,101.38,99.90,95.43,98.21,101.93,98.83,99.10,99.69,98.37,100.65,97.36,95.84,96.71,99.73,98.79
30.06.1995,99.73,98.61,98.84,100.82,100.35,98.92,100.40,100.87,99.59,100.18,96.04,99.42,100.21,98.60,99.88,98.41,101.36,99.53
30.09.1995,99.95,101.91,99.79,99.80,100.03,101.34,99.96,98.89,101.42,101.09,100.12,100.64,99.83,101.35,101.55,101.16,100.27,100.50
31.12.1995,99.73,102.39,99.95,98.00,99.72,104.30,101.43,98.32,100.16,99.64,104.15,101.57,99.32,102.68,102.73,103.71,98.64,101.18
31.03.1996,99.51,98.96,98.74,96.58,99.27,105.91,100.40,100.09,99.11,101.09,104.61,102.59,98.79,105.61,103.92,108.51,99.18,101.99
30.06.1996,100.81,101.23,100.86,96.23,98.92,108.60,102.16,103.63,100.29,101.27,106.12,103.08,98.48,109.07,108.68,110.20,100.27,102.70
30.09.1996,101.24,103.86,99.47,96.01,98.58,111.83,101.13,107.02,102.41,105.24,117.88,104.32,98.13,112.97,110.82,110.32,101.91,103.15
31.12.1996,101.46,104.61,100.04,93.23,98.09,116.40,101.57,111.19,101.71,107.05,119.26,105.38,97.71,115.45,113.44,112.05,101.91,103.81
31.03.1997,102.32,99.20,101.22,92.66,97.78,119.35,101.13,119.19,97.69,108.50,119.72,107.07,97.25,119.09,115.10,115.93,103.54,104.48
30.06.1997,103.62,103.82,103.77,91.56,97.42,122.58,106.26,123.29,100.76,110.67,126.04,107.28,97.27,122.28,123.19,117.10,107.36,105.64
30.09.1997,105.56,107.60,101.96,91.67,97.27,125.27,106.26,125.20,101.71,116.27,135.05,107.33,96.90,125.83,124.38,117.46,109.54,107.10
31.12.1997,107.72,107.86,101.83,90.68,96.81,126.61,102.89,128.03,101.47,115.55,145.24,107.82,96.43,128.66,125.80,117.54,109.54,108.91
31.03.1998,110.31,107.49,100.88,90.94,96.55,129.03,104.79,131.99,99.58,118.44,151.10,106.35,96.01,131.59,131.27,116.21,112.81,111.51
30.06.1998,112.68,108.98,101.75,90.40,96.96,134.41,111.53,135.24,101.94,124.77,154.45,107.50,95.26,135.05,139.36,114.21,116.62,112.84
30.09.1998,112.68,114.40,99.73,90.81,96.88,136.29,113.72,138.85,104.54,130.20,161.53,107.72,94.54,139.57,137.93,114.39,119.89,114.94
31.12.1998,114.62,114.19,101.15,90.35,96.75,138.44,110.79,140.27,104.07,129.48,176.17,107.75,93.68,143.56,134.36,115.09,121.53,117.34
31.03.1999,116.57,114.87,101.66,90.85,96.67,140.59,114.16,142.39,105.25,130.38,182.53,107.52,92.77,149.15,139.60,116.74,123.16,118.89
30.06.1999,119.16,118.14,105.64,90.50,96.84,142.74,117.97,146.28,107.84,135.80,178.96,108.21,91.99,155.62,150.77,118.04,128.07,121.29
30.09.1999,121.53,122.86,104.72,90.41,97.08,145.43,121.19,151.51,112.33,143.76,196.45,108.74,91.21,163.87,153.86,118.06,131.88,123.67
31.12.1999,125.42,120.82,106.24,90.69,97.40,145.70,121.33,154.98,112.56,147.56,205.11,109.35,90.30,171.05,159.33,116.94,131.88,126.43
31.03.2000,127.79,122.82,106.76,90.42,97.89,147.85,125.28,157.74,114.45,151.18,206.07,110.91,89.34,178.76,168.85,117.25,135.69,129.85
30.06.2000,130.81,124.49,108.84,91.35,98.34,151.88,128.80,160.00,117.99,159.49,209.70,111.85,88.47,185.77,180.02,116.87,142.23,133.37
30.09.2000,130.60,126.86,108.61,92.64,98.68,155.38,130.55,156.89,122.47,162.57,219.74,113.38,87.53,193.66,174.79,117.11,147.14,136.43
31.12.2000,133.62,128.36,109.75,92.39,99.09,156.72,130.70,154.62,121.76,167.27,233.48,114.68,86.59,198.18,174.79,116.55,147.68,139.59
31.03.2001,136.64,128.49,109.45,93.24,99.29,159.68,136.11,155.05,123.42,166.55,234.68,116.01,85.44,202.79,181.21,117.73,152.04,143.48
30.06.2001,141.61,130.88,114.15,94.00,99.58,161.83,140.80,156.60,127.66,172.51,235.27,117.48,84.61,208.29,189.06,118.14,154.22,145.70
30.09.2001,148.95,133.84,114.47,95.19,99.87,163.71,143.87,155.90,131.68,178.66,231.96,120.00,83.75,213.61,189.06,119.29,156.95,148.67
31.12.2001,154.56,133.63,115.97,95.73,99.98,162.37,145.33,156.60,131.68,175.05,234.98,123.21,82.89,215.56,188.35,121.17,154.77,151.50
31.03.2002,160.39,134.77,121.06,98.17,100.36,164.78,153.97,162.55,132.86,180.83,243.58,130.28,82.02,219.46,194.53,125.57,157.49,154.59
30.06.2002,170.10,138.55,125.82,99.32,100.62,168.01,163.48,167.92,137.58,195.66,246.70,133.02,80.83,222.48,201.66,128.60,162.40,158.71
30.09.2002,177.01,142.81,124.76,101.13,100.66,169.09,167.29,169.90,143.71,208.86,258.34,134.62,79.63,226.29,194.77,132.62,168.39,162.88
31.12.2002,183.49,144.46,128.72,102.65,100.50,169.09,170.51,170.26,145.13,219.17,268.33,135.62,78.24,226.03,193.58,137.98,168.94,166.01
31.03.2003,188.67,144.70,131.49,103.89,100.39,169.36,180.02,173.30,147.72,223.15,274.32,138.69,76.76,227.98,198.10,145.56,170.03,169.81
30.06.2003,198.60,147.47,135.82,104.73,99.69,172.85,191.73,176.83,153.62,230.02,278.81,140.55,75.61,230.55,199.52,150.61,173.84,173.39
30.09.2003,210.25,152.23,138.70,105.83,99.59,175.00,196.85,180.44,160.47,236.35,292.23,143.15,74.80,232.59,199.05,160.29,177.66,178.67
31.12.2003,219.10,154.80,142.77,105.27,100.19,175.00,201.98,182.85,163.53,241.23,305.69,144.04,74.16,235.07,201.43,171.14,179.29,184.45
31.03.2004,218.46,156.80,145.19,106.12,100.09,179.84,213.10,187.73,168.96,243.40,305.33,145.53,73.96,237.73,216.41,178.85,183.11,192.37
30.06.2004,215.87,159.07,151.90,107.44,100.69,186.56,225.25,192.11,176.04,257.69,308.58,148.47,73.51,240.30,219.74,182.44,190.74,200.32
30.09.2004,215.87,165.89,148.33,108.27,100.59,191.94,229.93,192.33,185.24,269.26,323.34,152.36,72.75,243.76,220.21,186.38,195.10,206.89
31.12.2004,219.54,169.50,154.02,108.06,101.29,195.70,236.81,193.39,189.73,270.89,340.18,154.70,71.85,244.56,222.59,192.54,197.28,214.25
31.03.2005,218.67,174.81,157.07,108.29,104.99,203.49,246.62,197.73,195.15,270.34,339.18,157.65,70.70,246.77,231.87,201.27,198.37,226.65
30.06.2005,219.97,180.39,165.96,108.67,103.49,215.32,256.57,203.42,203.65,272.88,345.04,160.56,69.70,249.88,238.29,206.40,205.45,234.50
30.09.2005,219.54,187.73,165.75,109.92,104.69,227.69,260.81,207.48,214.03,278.12,357.66,163.69,68.80,252.89,240.43,212.22,213.62,241.95
31.12.2005,224.50,191.35,169.91,110.05,103.99,240.05,266.96,211.54,218.04,276.85,372.42,165.16,68.17,254.31,240.67,220.43,217.98,247.48
31.03.2006,227.31,198.43,176.01,110.85,103.19,254.57,276.33,212.96,223.00,279.93,380.30,166.95,67.66,258.21,255.65,225.91,225.07,253.41
30.06.2006,235.94,203.39,187.00,110.96,104.59,270.43,284.23,217.02,230.08,287.52,394.84,170.18,67.20,261.32,268.25,227.97,232.15,250.44
30.09.2006,241.77,207.44,183.12,111.51,105.59,276.88,286.43,219.66,238.10,297.83,416.81,173.26,66.76,264.69,277.05,233.27,239.24,248.76
31.12.2006,246.30,211.96,186.16,112.06,104.49,276.08,291.26,223.11,239.75,301.99,427.52,174.44,66.49,265.93,280.38,241.49,240.87,249.63
31.03.2007,249.11,218.64,193.56,113.53,103.89,279.84,296.23,226.36,241.41,311.21,437.10,176.73,66.49,268.85,297.98,251.58,243.05,246.00
30.06.2007,259.69,221.80,205.97,113.39,103.79,283.60,300.62,230.01,245.65,319.89,440.25,178.75,66.35,272.05,309.16,258.60,256.13,239.47
30.09.2007,269.40,228.11,204.15,113.87,104.49,284.41,301.65,232.24,251.55,332.01,440.70,181.21,66.24,276.21,308.68,259.80,267.57,232.65
31.12.2007,280.84,228.68,208.40,114.70,104.69,279.30,305.31,232.24,253.44,331.65,439.13,182.16,66.13,277.19,301.78,259.97,268.12,225.70
31.03.2008,282.78,231.21,206.41,115.44,106.89,276.34,307.50,233.87,251.79,331.46,431.46,183.34,66.02,280.47,308.92,258.43,264.85,216.92
30.06.2008,280.41,235.03,209.98,117.34,107.69,278.76,306.77,236.30,251.79,328.57,421.10,185.15,65.74,280.74,312.72,247.13,268.66,207.40
30.09.2008,273.07,238.08,195.82,118.55,107.09,271.24,302.82,233.06,252.97,319.71,410.28,185.95,65.37,283.84,302.02,242.34,272.48,199.10
31.12.2008,269.40,236.52,187.16,119.43,107.79,250.00,295.43,223.11,243.77,302.71,390.90,183.12,64.82,281.80,280.86,236.69,262.67,189.08
31.03.2009,267.10,233.27,187.27,121.66,107.59,235.22,286.59,221.08,233.15,290.24,366.67,183.77,64.00,279.85,292.51,234.81,258.86,180.64
30.06.2009,278.17,230.06,210.52,123.56,106.49,236.29,281.14,227.78,228.90,288.25,342.11,183.58,63.33,272.76,307.97,239.43,269.21,180.83
30.09.2009,290.48,234.83,217.07,125.11,106.49,238.17,277.61,234.07,233.38,300.18,325.88,183.85,62.74,269.03,313.44,244.91,276.29,182.15
31.12.2009,306.48,239.49,224.27,127.19,106.99,237.37,276.96,240.77,233.85,303.80,316.30,182.65,62.08,266.81,313.44,249.53,281.20,183.26
31.03.2010,317.25,242.17,221.95,128.36,105.99,238.71,273.06,246.25,235.98,312.48,305.82,179.90,61.47,266.37,324.14,249.70,286.65,184.00
30.06.2010,323.10,243.66,228.41,129.59,107.19,244.62,270.60,251.33,240.93,317.36,297.48,180.81,60.87,266.73,336.03,246.96,293.19,182.88
30.09.2010,319.41,248.67,217.79,130.91,107.99,245.43,268.13,252.75,248.48,322.60,289.03,181.35,60.36,266.90,334.36,245.42,294.82,178.58
31.12.2010,320.95,253.74,228.04,133.16,108.59,244.35,267.18,253.36,251.55,315.55,281.37,181.17,59.84,263.89,334.13,245.42,295.91,176.98
31.03.2011,317.56,249.77,238.50,134.38,109.29,240.32,260.17,256.60,252.50,312.66,271.79,180.99,59.36,262.56,351.25,245.94,296.46,174.63
30.06.2011,314.48,252.05,247.68,135.45,109.69,242.47,256.44,259.24,257.92,311.57,260.52,182.98,58.90,261.41,361.00,248.84,298.09,173.64
30.09.2011,308.64,258.16,234.12,136.07,110.89,235.22,253.10,259.65,263.82,317.54,249.93,182.98,58.43,259.45,362.19,251.93,297.55,173.63
31.12.2011,306.79,259.06,235.78,139.27,111.09,227.96,249.07,255.59,260.76,314.10,236.86,181.71,58.05,254.93,360.52,252.27,287.19,172.39
31.03.2012,306.79,259.26,240.78,141.68,111.99,227.15,241.39,259.45,257.22,314.10,225.14,180.63,57.65,251.74,373.37,254.66,286.10,176.63
30.06.2012,308.64,259.02,247.60,140.23,113.49,229.30,235.11,261.68,257.22,317.72,220.52,179.18,57.25,246.86,385.26,258.77,289.37,179.94
30.09.2012,308.02,263.37,233.46,142.69,113.89,229.30,229.14,264.12,259.58,323.51,220.75,176.11,56.85,237.20,387.40,264.08,293.73,183.43
31.12.2012,314.79,262.81,236.53,144.47,114.89,229.30,224.11,262.69,255.33,321.34,222.32,172.31,56.46,235.51,384.54,269.55,293.73,187.89
31.03.2013,317.25,263.71,243.69,146.21,115.79,231.45,221.94,264.12,252.02,320.98,218.49,169.78,56.06,230.10,396.20,274.35,293.73,195.25
30.06.2013,324.95,265.43,255.67,147.43,117.19,236.56,219.95,267.36,251.55,326.94,219.73,168.69,55.84,225.40,406.18,282.05,298.09,200.09
30.09.2013,332.95,267.52,253.15,148.49,118.19,235.22,218.85,266.96,253.44,335.08,227.17,166.16,55.87,226.29,398.81,291.12,302.45,204.60
31.12.2013,344.64,265.94,259.29,149.57,117.69,,214.69,266.15,250.84,338.88,235.73,163.99,56.08,225.49,388.35,294.03,305.18,208.71
31.03.2014,,,264.40,149.40,,,,264.12,,,234.61,,,226.73,396.67,,306.81,
